<?xml version="1.0" encoding="UTF-8"?>
<beans xmlns="http://www.springframework.org/schema/beans"
	xmlns:xsi="http://www.w3.org/2001/XMLSchema-instance"
	xmlns:context="http://www.springframework.org/schema/context"
	xsi:schemaLocation="http://www.springframework.org/schema/beans http://www.springframework.org/schema/beans/spring-beans.xsd
    http://www.springframework.org/schema/context http://www.springframework.org/schema/context/spring-context.xsd">
	
	<bean id="ldapserver"
		class="javax.naming.directory.InitialDirContext" scope="prototype">
		<constructor-arg>
			<props>
				<prop key="java.naming.factory.initial">com.sun.jndi.ldap.LdapCtxFactory</prop>
				<!-- <prop key="java.naming.provider.url">ldap://localhost:10389</prop> -->
				<prop key="java.naming.provider.url">ldap://ldap.forumsys.com:389</prop>
				<!-- <prop key="java.naming.security.authentication">s</prop> -->
				<!-- <prop key="java.naming.security.protocol" value="ssl"/> -->
				<prop key="java.naming.security.authentication">simple</prop>
				<!-- <prop key="java.naming.security.principal">cn=Manager,dc=example,dc=com</prop> -->
				<prop key="java.naming.security.principal">cn=read-only-admin,dc=example,dc=com</prop>
				<prop key="java.naming.security.credentials">password</prop>
				<!-- <prop key="java.naming.ldap.factory.socket" value="zotix.co.util.CustomSocketFactory"/> -->
			</props>
		</constructor-arg>
	</bean>
</beans>
